Gene-name,Disease,Expression,PubmedID,Ensemble ID
18 kDa antrum mucosa protein,GASTRIC ADENOCARCINOMA,underexpression,15378696,18 kDa antrum mucosa protein
A4,DOWN SYNDROME,underexpression,19902006,ENSP00000470766
ABCA1,ALZHEIMER'S DISEASE,underexpression,19446537,ENSP00000363868
ABCA1,ALZHEIMER'S DISEASE,underexpression,20571217,ENSP00000363868
ADH1,LEIOMYOMA,underexpression,23891545,ENSP00000209668
ADH1,UTERINE FIBROID,underexpression,23891545,ENSP00000209668
ADH7,ADENOCARCINOMA,underexpression,20543560,ENSP00000420269
adiponectin,ATHEROSCLEROSIS,underexpression,16767296,ENSP00000320709
adiponectin,DIABETES MELLITUS,underexpression,16767296,ENSP00000320709
adiponectin,HYPERTENSION,underexpression,16767296,ENSP00000320709
adiponectin,OBESITY,underexpression,16767296,ENSP00000320709
ADORA3,CHRONIC LYMPHOCYTIC LEUKEMIA,underexpression,19278812,ENSP00000358730
AF10,LEUKEMIA,underexpression,23284727,ENSP00000307411
AGR2,CANCER,underexpression,20015323,ENSP00000391490
AHNAK,NEUROBLASTOMA,underexpression,15177040,ENSP00000367263
AJAP1,OLIGODENDROGLIOMA,underexpression,21439246,ENSP00000367432
AKAP12,OSTEOSARCOMA,underexpression,23144859,ENSP00000253332
ALDH1L1,NEUROFIBROMATOSIS,underexpression,19018242,ENSP00000377083
ALDH1L1,PILOCYTIC ASTROCYTOMA,underexpression,19018242,ENSP00000377083
ALDOB,HEPATOCELLULAR CARCINOMA,underexpression,12143053,ENSP00000363988
ALDOB,VIRAL HEPATITIS,underexpression,12143053,ENSP00000363988
AMPK,HEPATOCELLULAR CARCINOMA,underexpression,22728651,ENSP00000360290
AMPK,LIVER CANCER,underexpression,22728651,ENSP00000360290
annexin A2,SQUAMOUS CELL CARCINOMA,underexpression,24668792,ENSP00000346032
ANXA5,ANTIPHOSPHOLIPID SYNDROME,underexpression,11108960,ENSP00000296511
AP-1,CHRONIC LYMPHOCYTIC LEUKEMIA,underexpression,22001392,ENSP00000360266
APLP2,HYPERTENSION,underexpression,15295718,ENSP00000263574
ARHGEF12,BREAST CANCER,underexpression,19734946,ENSP00000380942
ARHGEF12,COLORECTAL CANCER,underexpression,19734946,ENSP00000380942
ARHGEF12,LEUKEMIA,underexpression,19734946,ENSP00000380942
ARHI,FOLLICULAR ADENOMA,underexpression,15546898,ENSP00000360020
ARHI,PAPILLARY THYROID CARCINOMA,underexpression,15546898,ENSP00000360020
ARHI,PERIPHERAL PRIMITIVE NEUROECTODERMAL TUMOR,underexpression,14984937,ENSP00000360020
ASCL1,ADENOMA,underexpression,16943582,ENSP00000266744
ASCL1,CARCINOMA,underexpression,16943582,ENSP00000266744
ASCL1,PITUITARY CARCINOMA,underexpression,16943582,ENSP00000266744
ASCT1,COCCIDIOSIS,underexpression,21597061,ENSP00000234256
AT1,HYPERTENSION,underexpression,17646927,ENSP00000352456
ATM,ATAXIA TELANGIECTASIA,underexpression,22071889,ENSP00000278616
ATM,PROSTATE CARCINOMA,underexpression,16890201,ENSP00000278616
ATM,SPORADIC BREAST CANCER,underexpression,23408238,ENSP00000278616
ATPase,MALARIA,underexpression,15811526,ENSP00000333363
ATPase,PROSTATE CANCER,underexpression,14685164,ENSP00000333363
ATP,OBESITY,underexpression,9726234,ENSP00000371070
ATP synthase,CANCER,underexpression,15892163,ATP synthase
ATP,SYSTEMIC LUPUS ERYTHEMATOSUS,underexpression,21496236,ENSP00000371070
autotaxin,MELANOMA,underexpression,17475713,ENSP00000259486
BAF180,CANCER,underexpression,18339795,ENSP00000378307
BAI3,BRAIN CANCER,underexpression,17611651,ENSP00000359630
BAI3,LUNG ADENOCARCINOMA,underexpression,17611651,ENSP00000359630
BAI3,NEUROFIBROMATOSIS,underexpression,17611651,ENSP00000359630
BAK,OVARIAN CANCER,underexpression,11925933,ENSP00000353878
BCL2-associated X protein,ADENOCARCINOMA,underexpression,18218589,ENSP00000293288
Bcl-2,BREAST CANCER,underexpression,10426394,ENSP00000329623
BCL2L1,MANTLE CELL LYMPHOMA,underexpression,12580957,ENSP00000302564
BCL2L2,ADENOMA,underexpression,16888677,ENSP00000451320
Bcl-2,LEUKEMIA,underexpression,15589827,ENSP00000329623
BCL7B,PILOCYTIC ASTROCYTOMA,underexpression,18670637,ENSP00000459987
Bcl-X,HEPATOCELLULAR CARCINOMA,underexpression,10873563,ENSP00000302564
beta-catenin,LUNG CANCER,underexpression,12386812,ENSP00000344456
beta-catenin,LUNG CANCER,underexpression,19885602,ENSP00000344456
BGN,TURNER SYNDROME,underexpression,14645170,ENSP00000471199
BLIMP1,CHRONIC LYMPHOCYTIC LEUKEMIA,underexpression,17252022,ENSP00000358092
BLIMP1,MACROGLOBULINEMIA,underexpression,17252022,ENSP00000358092
BLIMP1,MULTIPLE MYELOMA,underexpression,17252022,ENSP00000358092
BMP5,SYNDROME,underexpression,17345627,ENSP00000359866
BNIP3,COLON CANCER,underexpression,12507930,ENSP00000357625
BOK,ADENOMA,underexpression,16888677,ENSP00000314132
BRAF,MELANOMA,underexpression,20357817,ENSP00000288602
BRCA1,BREAST CANCER,underexpression,11060337,ENSP00000418960
BRCA1,BREAST CANCER,underexpression,17505062,ENSP00000418960
BRCA1,BREAST CANCER,underexpression,18204050,ENSP00000418960
BRCA1,BREAST DISEASE,underexpression,17164758,ENSP00000418960
BRCA1,LUNG CANCER,underexpression,22197612,ENSP00000418960
BRD2,LYMPHOMA,underexpression,17166848,ENSP00000414641
BUB1B,GALLBLADDER CANCER,underexpression,18497548,ENSP00000287598
C3,OVARIAN CANCER,underexpression,23226093,ENSP00000245907
Calcyclin,LUNG CANCER,underexpression,22192801,Calcyclin
calpastatin,LYMPHOMA,underexpression,15297395,ENSP00000379157
CAPN3,LIMB-GIRDLE MUSCULAR DYSTROPHY,underexpression,17979987,ENSP00000380349
CAPN3,MYOSITIS,underexpression,17979987,ENSP00000380349
carbonyl reductase 1,IRRITABLE BOWEL SYNDROME,underexpression,20367971,ENSP00000290349
CASP9,SPORADIC BREAST CANCER,underexpression,17011986,ENSP00000330237
Caspase-8,LEUKEMIA,underexpression,10945613,Caspase-8
catalase,HEPATITIS C,underexpression,12830008,ENSP00000241052
catalase,PRIMARY BILIARY CIRRHOSIS,underexpression,12830008,ENSP00000241052
catenin,CANCER,underexpression,11206273,ENSP00000344456
Cathepsin D,OSTEOARTHRITIS,underexpression,12833524,Cathepsin D
Cathepsin D,RHEUMATOID ARTHRITIS,underexpression,12833524,Cathepsin D
CC10,LUNG CANCER,underexpression,12659669,ENSP00000278282
CD11c,LEUKEMIA,underexpression,24124148,ENSP00000268296
CD123,LEUKEMIA,underexpression,18466030,ENSP00000327890
CD127,MULTIPLE SCLEROSIS,underexpression,16075257,ENSP00000306157
CD20,CHRONIC LYMPHOCYTIC LEUKEMIA,underexpression,21030349,ENSP00000460501
CD20,LYMPHOBLASTIC LEUKEMIA,underexpression,19926587,ENSP00000460501
CD20,LYMPHOMA,underexpression,22829136,ENSP00000460501
CD22,CHRONIC LYMPHOCYTIC LEUKEMIA,underexpression,12010811,ENSP00000085219
CD24,PRE-ECLAMPSIA,underexpression,18417991,CD24
CD25,HEPATOCELLULAR CARCINOMA,underexpression,17708291,ENSP00000369293
CD26,CUTANEOUS T CELL LYMPHOMA,underexpression,12782714,ENSP00000353731
CD26,SYNDROME,underexpression,12782714,ENSP00000353731
CD27,CHRONIC LYMPHOCYTIC LEUKEMIA,underexpression,12010811,ENSP00000266557
CD28,PULMONARY SARCOIDOSIS,underexpression,10092696,ENSP00000324890
CD33,ACUTE MYELOID LEUKEMIA,underexpression,20656931,ENSP00000262262
CD33,LEUKEMIA,underexpression,24124148,ENSP00000262262
CD34,SYNDROME,underexpression,22271903,ENSP00000310036
CD38,LYMPHOBLASTIC LEUKEMIA,underexpression,19926587,ENSP00000226279
CD38,LYMPHOBLASTIC LEUKEMIA,underexpression,19951974,ENSP00000226279
CD44,CHRONIC LYMPHOCYTIC LEUKEMIA,underexpression,16321852,ENSP00000398632
CD44,PROSTATE CARCINOMA,underexpression,22552290,ENSP00000398632
CD45,LYMPHOBLASTIC LEUKEMIA,underexpression,16875586,ENSP00000458322
CD45,LYMPHOBLASTIC LEUKEMIA,underexpression,19926587,ENSP00000458322
CD45,LYMPHOMA,underexpression,17981339,ENSP00000458322
CD55,AUTOIMMUNE HEMOLYTIC ANEMIA,underexpression,17289551,ENSP00000316333
CD55,GENETIC DISORDER,underexpression,17289551,ENSP00000316333
CD55,HEMOGLOBINURIA,underexpression,17289551,ENSP00000316333
CD55,LYMPHOPENIA,underexpression,17289551,ENSP00000316333
CD55,SYSTEMIC LUPUS ERYTHEMATOSUS,underexpression,17289551,ENSP00000316333
CD55,THROMBOCYTOPENIA,underexpression,17289551,ENSP00000316333
CD56,LEUKEMIA,underexpression,16203279,ENSP00000467954
CD66a,CARCINOMA,underexpression,9250164,ENSP00000161559
CD7,ADULT T-CELL LEUKEMIA,underexpression,17287851,ENSP00000312027
CD7,LYMPHOMA,underexpression,17287851,ENSP00000312027
CD81,LYMPHOBLASTIC LEUKEMIA,underexpression,19846809,ENSP00000263645
CD82,MULTIPLE MYELOMA,underexpression,19755988,ENSP00000227155
CDC16,CHRONIC LYMPHOCYTIC LEUKEMIA,underexpression,17786276,ENSP00000348554
CDC37,ANAPLASTIC LARGE CELL LYMPHOMA,underexpression,15948116,ENSP00000386049
CDH1,BREAST CANCER,underexpression,20568901,ENSP00000378529
CDK2,NEUROFIBROMATOSIS,underexpression,12352662,ENSP00000266970
CDK2,RETINOBLASTOMA,underexpression,12352662,ENSP00000266970
CDKN1A,ADENOCARCINOMA,underexpression,11752463,ENSP00000353864
CDKN2A,MULTIPLE MYELOMA,underexpression,9815612,ENSP00000394932
CDY2,AZOOSPERMIA,underexpression,22820855,ENSP00000372319
CDY2,SYNDROME,underexpression,22820855,ENSP00000372319
c-fos,RETINOBLASTOMA,underexpression,8895355,ENSP00000306245
chemokine,DIFFUSE LARGE B-CELL LYMPHOMA,underexpression,18784434,ENSP00000379110
chemokine,ISCHEMIA,underexpression,20511705,ENSP00000379110
chemokine,OVARIAN CANCER,underexpression,23552840,ENSP00000379110
chemokine,SYNDROME,underexpression,11414745,ENSP00000379110
chemokine,VISCERAL LEISHMANIASIS,underexpression,22457760,ENSP00000379110
CHES1,SQUAMOUS CELL CARCINOMA,underexpression,15645429,ENSP00000261302
CHRD,OVARIAN CARCINOMA,underexpression,16449796,ENSP00000204604
CHST2,LYMPHOMA,underexpression,20001860,ENSP00000307911
CHST2,MULTIPLE MYELOMA,underexpression,20001860,ENSP00000307911
CHST2,OSTEONECROSIS,underexpression,20001860,ENSP00000307911
Ciliary neurotrophic factor,CHARCOT-MARIE-TOOTH DISEASE,underexpression,19525893,Ciliary neurotrophic factor
Ciliary neurotrophic factor,NEUROPATHY,underexpression,19525893,Ciliary neurotrophic factor
c-Jun,ANEMIA,underexpression,22559819,ENSP00000360266
c-Jun,SYNDROME,underexpression,22559819,ENSP00000360266
CK4,SQUAMOUS CELL CARCINOMA,underexpression,17187659,ENSP00000448220
CK,COLORECTAL CANCER,underexpression,10537351,ENSP00000384400
CK,PANCREATIC CANCER,underexpression,10537351,ENSP00000384400
CK,PANCREATITIS,underexpression,10537351,ENSP00000384400
CLDN7,ENDOMETRIAL ADENOCARCINOMA,underexpression,22272721,ENSP00000353475
CLDN7,ENDOMETRIAL CANCER,underexpression,22272721,ENSP00000353475
CLIP2,WILLIAMS-BEUREN SYNDROME,underexpression,19897463,ENSP00000460322
CMT1A,CHARCOT-MARIE-TOOTH DISEASE,underexpression,8781657,ENSP00000308937
CMT1A,NEUROPATHY,underexpression,8781657,ENSP00000308937
c-Myc,CANCER,underexpression,20407606,ENSP00000367207
c-myc,SQUAMOUS CELL CARCINOMA,underexpression,16885739,ENSP00000367207
CNDP2,CANCER,underexpression,24395568,ENSP00000325548
CNP,SCHIZOPHRENIA,underexpression,16389193,ENSP00000457200
CNP,SCHIZOPHRENIA,underexpression,16389193,ENSP00000457200
COL3A1,CRANIOSYNOSTOSIS,underexpression,21701325,ENSP00000304408
COL3A1,SYNOSTOSIS,underexpression,21701325,ENSP00000304408
COL6A3,MUCOEPIDERMOID CARCINOMA,underexpression,15642389,ENSP00000295550
CORO1A,ANKYLOSING SPONDYLITIS,underexpression,24112157,ENSP00000219150
CORO1A,RHEUMATIC DISEASE,underexpression,24112157,ENSP00000219150
CRABP1,PAPILLARY THYROID CARCINOMA,underexpression,15515157,ENSP00000299529
CRBP,BREAST CANCER,underexpression,10716965,ENSP00000232219
CRBP,BREAST CARCINOMA,underexpression,10716965,ENSP00000232219
CRYAB,BREAST CANCER,underexpression,24489661,ENSP00000459140
CTGF,GLIOBLASTOMA MULTIFORME,underexpression,22591734,ENSP00000356954
CTGF,GLIOBLASTOMA,underexpression,22591734,ENSP00000356954
CTNNB1,CRANIOPHARYNGIOMA,underexpression,21761366,ENSP00000344456
CXCR3,MELANOMA,underexpression,24129241,ENSP00000362795
CXCR4,SQUAMOUS CELL CARCINOMA,underexpression,24141785,ENSP00000386884
CYB5R3,METHEMOGLOBINEMIA,underexpression,22538302,ENSP00000354468
Cyclin,CERVICAL CANCER,underexpression,11371120,Cyclin
cyclin D1,CERVICAL CANCER,underexpression,11371120,ENSP00000227507
cyclin D1,PROSTATE CARCINOMA,underexpression,23373223,ENSP00000227507
cyclin D2,MALIGNANT MESOTHELIOMA,underexpression,19218339,ENSP00000261254
CYP1A1,CANCER,underexpression,24452716,ENSP00000369050
CYP27B1,ADENOMA,underexpression,12444900,ENSP00000228606
CYP27B1,PARATHYROID ADENOMA,underexpression,12444900,ENSP00000228606
CYP2B6,CARCINOMA,underexpression,17119049,ENSP00000324648
cytokeratin 13,CERVICAL CANCER,underexpression,21137014,ENSP00000246635
cytokeratin 13,VAGINAL CANCER,underexpression,21137014,ENSP00000246635
D1,CERVICAL CANCER,underexpression,11371120,ENSP00000356257
DAB2,COLON CANCER,underexpression,24259968,ENSP00000313391
DAPK1,MANTLE CELL LYMPHOMA,underexpression,12580957,ENSP00000350785
DBA,TYPE 2 DIABETES,underexpression,23620059,ENSP00000470004
DC2,MULTIPLE SCLEROSIS,underexpression,24158849,ENSP00000406674
DC2,TYPE 1 DIABETES,underexpression,24158849,ENSP00000406674
DCC,CARCINOMA,underexpression,7880725,ENSP00000389140
DCC,ENDOMETRIAL CARCINOMA,underexpression,7880725,ENSP00000389140
DCC,GLIOBLASTOMA,underexpression,8242611,ENSP00000389140
DCN,CARCINOMA,underexpression,15785240,ENSP00000052754
DCN,COLORECTAL CANCER,underexpression,19678923,ENSP00000052754
DCN,COLORECTAL CANCER,underexpression,19678923,ENSP00000052754
DCN,THYROID CARCINOMA,underexpression,15785240,ENSP00000052754
DCN,TURNER SYNDROME,underexpression,14645170,ENSP00000052754
DICE1,CARCINOMA,underexpression,23280823,ENSP00000310260
DIDO1,CARCINOMA,underexpression,15785240,ENSP00000266070
dihydrodiol dehydrogenase,OVARIAN CARCINOMA,underexpression,17009030,ENSP00000221403
dihydrodiol dehydrogenase,RENAL CELL CARCINOMA,underexpression,17009030,ENSP00000221403
DIO1,CARCINOMA,underexpression,15785240,ENSP00000354643
DIO2,CARCINOMA,underexpression,15785240,ENSP00000450980
DIO2,THYROID CARCINOMA,underexpression,15785240,ENSP00000450980
DISC1,SCHIZOPHRENIA,underexpression,16198200,ENSP00000355599
DLC1,HEPATOCELLULAR CARCINOMA,underexpression,16951145,ENSP00000308597
DLC1,HEPATOCELLULAR CARCINOMA,underexpression,20600027,ENSP00000308597
DLC1,LIVER CANCER,underexpression,16951145,ENSP00000308597
DLC1,LIVER CANCER,underexpression,20600027,ENSP00000308597
DLC2,HEPATOCELLULAR CARCINOMA,underexpression,17380510,ENSP00000338785
DLC2,HEPATOCELLULAR CARCINOMA,underexpression,18651974,ENSP00000338785
DLC2,LIVER CANCER,underexpression,17380510,ENSP00000338785
DLC2,LIVER CANCER,underexpression,18651974,ENSP00000338785
DMD,MYOPATHY,underexpression,2180286,ENSP00000354923
DMO,HYPERGLYCEMIA,underexpression,20622163,ENSP00000319651
DMO,HYPERTENSION,underexpression,20622163,ENSP00000319651
DMPK,MYOTONIC DYSTROPHY,underexpression,10668800,ENSP00000345997
DNMT3A,MULTIPLE MYELOMA,underexpression,23408834,ENSP00000264709
DNMT3A,MULTIPLE MYELOMA,underexpression,23408834,ENSP00000264709
DNMT3A,MYELOMA,underexpression,23408834,ENSP00000264709
DOCK5,OSTEOSARCOMA,underexpression,19286668,ENSP00000276440
DOCK8,LUNG CANCER,underexpression,20596660,ENSP00000408464
DOCK8,SQUAMOUS CELL CARCINOMA,underexpression,20596660,ENSP00000408464
DPT,LEIOMYOMA,underexpression,15139000,ENSP00000356791
DSC2,OVARIAN CARCINOMA,underexpression,17266044,ENSP00000353608
DSC3,OVARIAN CARCINOMA,underexpression,17266044,ENSP00000353608
DUSP4,LUNG ADENOCARCINOMA,underexpression,19525976,ENSP00000240100
DUSP4,LUNG CANCER,underexpression,19525976,ENSP00000240100
DUSP6,PANCREATIC CANCER,underexpression,15824892,ENSP00000279488
DUSP6,PANCREATIC CARCINOMA,underexpression,15824892,ENSP00000279488
DVL1,CERVICAL CANCER,underexpression,16457155,ENSP00000368169
EBP,BREAST CANCER,underexpression,20431345,ENSP00000471792
E-cadherin,CANCER,underexpression,11206273,E-cadherin
E-cadherin,CANCER,underexpression,9537325,E-cadherin
E-cadherin,CARCINOMA,underexpression,11900224,E-cadherin
E-cadherin,CARCINOMA,underexpression,23154268,E-cadherin
E-cadherin,HEPATOCELLULAR CARCINOMA,underexpression,10430370,E-cadherin
E-cadherin,LUNG CANCER,underexpression,11100763,E-cadherin
E-cadherin,LUNG CANCER,underexpression,21329586,E-cadherin
E-cadherin,PROSTATE CANCER,underexpression,18685493,E-cadherin
E-cadherin,PROSTATE CARCINOMA,underexpression,18685493,E-cadherin
E-cadherin,SQUAMOUS CELL CARCINOMA,underexpression,16505783,E-cadherin
E-Cadherin,SQUAMOUS CELL CARCINOMA,underexpression,18991282,ENSP00000261769
ECRG4,BREAST CANCER,underexpression,22110708,ENSP00000238044
ECRG4,ESOPHAGEAL CARCINOMA,underexpression,22110708,ENSP00000238044
EGF,INFLAMMATORY BOWEL DISEASE,underexpression,11518696,ENSP00000265171
EGR1,LUNG CANCER,underexpression,15774784,ENSP00000239938
EHD2,SQUAMOUS CELL CARCINOMA,underexpression,23354948,ENSP00000327116
endothelin 1,PULMONARY HYPERTENSION,underexpression,24286074,ENSP00000368683
eotaxin,SYNDROME,underexpression,11414745,ENSP00000302234
EPGN,TRANSITIONAL CELL CARCINOMA,underexpression,16469638,ENSP00000330375
EphB1,COLORECTAL CANCER,underexpression,18931529,ENSP00000381097
ER,ENDOMETRIAL CANCER,underexpression,24556060,ENSP00000244869
ER,RHEUMATOID ARTHRITIS,underexpression,20122151,ENSP00000244869
ER,SPORADIC BREAST CANCER,underexpression,21850541,ENSP00000244869
EST,PAPILLARY THYROID CARCINOMA,underexpression,17415708,ENSP00000263056
estrogen receptor,ENDOMETRIAL CANCER,underexpression,24556060,ENSP00000206249
ETS2,PROSTATE CANCER,underexpression,17143509,ENSP00000353344
EYA4,LUNG CANCER,underexpression,24096489,ENSP00000347294
FAIM3,ARTHRITIS,underexpression,22763987,ENSP00000356058
FANCA,ANEMIA,underexpression,16982972,ENSP00000373952
FANCA,SQUAMOUS CELL CARCINOMA,underexpression,16982972,ENSP00000373952
Fas,SQUAMOUS CELL CARCINOMA,underexpression,17187659,Fas
FBN1,MARFAN SYNDROME,underexpression,11451749,ENSP00000325527
FBXW4,LUNG CANCER,underexpression,23658844,ENSP00000373698
FGF9,ADENOCARCINOMA,underexpression,23295859,ENSP00000371790
FGF9,ENDOMETRIAL CANCER,underexpression,23295859,ENSP00000371790
FGF9,OVARIAN CANCER,underexpression,23295859,ENSP00000371790
FHIT,BREAST CANCER,underexpression,21557333,ENSP00000458888
FHIT,BREAST CARCINOMA,underexpression,21557333,ENSP00000458888
FKBP10,CANCER,underexpression,23354471,ENSP00000455335
FMR1 protein,FRAGILE X SYNDROME,underexpression,10331606,FMR1 protein
FMRP,FRAGILE X SYNDROME,underexpression,21901840,ENSP00000472931
FOS,POLYCYSTIC OVARY SYNDROME,underexpression,22723319,ENSP00000306245
FOXL2,CANCER,underexpression,17430735,ENSP00000333188
FOXO3A,MYOCARDIAL INFARCTION,underexpression,18360744,ENSP00000339527
FOXP2,AUTISM SPECTRUM DISORDER,underexpression,17033973,ENSP00000386200
FOXP2,SILVER-RUSSELL SYNDROME,underexpression,17033973,ENSP00000386200
FOXP3,BREAST CANCER,underexpression,22833279,ENSP00000471366
GABRD,FRAGILE X SYNDROME,underexpression,17046729,ENSP00000367848
GAD1,SCHIZOPHRENIA,underexpression,17264840,ENSP00000350928
GALIG,ACUTE MYELOID LEUKEMIA,underexpression,23711389,ENSP00000254301
gamma,THALASSEMIA,underexpression,7543730,ENSP00000336750
GATA-1,MYELOFIBROSIS,underexpression,16293880,ENSP00000469059
GATA-1,OSTEOSCLEROSIS,underexpression,16293880,ENSP00000469059
GHRHR,DUCHENNE MUSCULAR DYSTROPHY,underexpression,15734791,ENSP00000320180
GKN1,STOMACH CARCINOMA,underexpression,21751384,ENSP00000367172
GLI1,COLON CANCER,underexpression,23935937,ENSP00000228682
GLI1,PANCREATIC CANCER,underexpression,23935937,ENSP00000228682
GLUT2,DIABETES MELLITUS,underexpression,7589840,ENSP00000323568
GLUT2,HYPERGLYCEMIA,underexpression,8518454,ENSP00000323568
GLUT2,OBESITY,underexpression,8513973,ENSP00000323568
glutathione S-transferase mu 3,GASTRIC ADENOCARCINOMA,underexpression,22468085,ENSP00000256594
GPX3,COLON CANCER,underexpression,23221387,ENSP00000373477
GRN,ACUTE MYELOID LEUKEMIA,underexpression,12031912,ENSP00000053867
GRN,BREAST CANCER,underexpression,16937283,ENSP00000053867
GRP75,HYPERGLYCEMIA,underexpression,24218232,ENSP00000297185
GRP75,PARKINSON'S DISEASE,underexpression,24218232,ENSP00000297185
GSS,BREAST CANCER,underexpression,23765060,ENSP00000368752
GSS,INVASIVE DUCTAL CARCINOMA,underexpression,23765060,ENSP00000368752
GSTM1,CANCER,underexpression,24452716,ENSP00000311469
GSTP1,ANEMIA,underexpression,16982972,ENSP00000381607
GSTP1,CHRONIC OBSTRUCTIVE PULMONARY DISEASE,underexpression,14710442,ENSP00000381607
GSTP1,SQUAMOUS CELL CARCINOMA,underexpression,16982972,ENSP00000381607
GST,TYPE 1 DIABETES,underexpression,23111281,ENSP00000431049
H19,BREAST CANCER,underexpression,15170812,H19
H19,HEPATOCELLULAR CARCINOMA,underexpression,23222811,H19
HADHA,BREAST CANCER,underexpression,22240105,ENSP00000370023
HAI-2,HEPATOCELLULAR CARCINOMA,underexpression,19107935,ENSP00000301244
HAS2,TETRALOGY OF FALLOT,underexpression,24140236,ENSP00000306991
HBP1,BREAST CANCER,underexpression,20008325,ENSP00000329266
HCC,HEPATOCELLULAR CARCINOMA,underexpression,21062976,ENSP00000403396
HDAC6,CHRONIC LYMPHOCYTIC LEUKEMIA,underexpression,23108383,ENSP00000472753
HDAC6,TUBEROUS SCLEROSIS,underexpression,24604753,ENSP00000472753
hemopexin,HEPATOCELLULAR CARCINOMA,underexpression,17786358,ENSP00000265983
hepatocyte growth factor,PROSTATE CANCER,underexpression,23728339,ENSP00000222390
HER2,BREAST CANCER,underexpression,23133536,ENSP00000269571
HER2,BREAST CARCINOMA,underexpression,23133536,ENSP00000269571
HER2,OVARIAN CANCER,underexpression,15623636,ENSP00000269571
HER2,SPORADIC BREAST CANCER,underexpression,21850541,ENSP00000269571
HHIP,PANCREATIC CANCER,underexpression,15970691,ENSP00000296575
HLA-A,LUNG CANCER,underexpression,1849792,ENSP00000464325
HLA-DR,BREAST CANCER,underexpression,14691914,ENSP00000412031
HLA-DR,BREAST CANCER,underexpression,24363939,ENSP00000412031
HLA-DR,INVASIVE DUCTAL CARCINOMA,underexpression,24363939,ENSP00000412031
HLA-DR,LEUKEMIA,underexpression,24124148,ENSP00000412031
HLA-DR,MULTIPLE SCLEROSIS,underexpression,1560110,ENSP00000412031
HLA-DR,NEUTROPENIA,underexpression,20030930,ENSP00000412031
HLA-DR,PANCYTOPENIA,underexpression,20030930,ENSP00000412031
HLA-DR,SYNDROME,underexpression,20030930,ENSP00000412031
HLA-DR,THROMBOCYTOPENIA,underexpression,20030930,ENSP00000412031
HMGCS2,ESOPHAGEAL CANCER,underexpression,24551190,ENSP00000358414
HMGCS2,SQUAMOUS CELL CARCINOMA,underexpression,24551190,ENSP00000358414
hMLH1,BREAST CANCER,underexpression,14520695,ENSP00000231790
hMLH1,COLORECTAL CANCER,underexpression,15192314,ENSP00000231790
HNPP,BRACHIAL PLEXUS NEUROPATHY,underexpression,10586225,ENSP00000308937
HNPP,NEUROPATHY,underexpression,10705641,ENSP00000308937
HNPP,NEUROPATHY,underexpression,11466642,ENSP00000308937
HNPP,NEUROPATHY,underexpression,20976668,ENSP00000308937
HNPP,NEUROPATHY,underexpression,8422677,ENSP00000308937
HNPP,SYNDROME,underexpression,10586225,ENSP00000308937
HO-1,ALZHEIMER'S DISEASE,underexpression,18597895,ENSP00000216117
HO-1,PARKINSON'S DISEASE,underexpression,20039940,ENSP00000216117
HOXA11,BREAST CANCER,underexpression,24034269,ENSP00000006015
HOXA9,ACUTE MYELOID LEUKEMIA,underexpression,14738146,ENSP00000343619
HPN,HEPATITIS B,underexpression,16911458,ENSP00000262626
HR,CHRONIC LYMPHOCYTIC LEUKEMIA,underexpression,15454483,ENSP00000370826
HS1,CHORIOCARCINOMA,underexpression,15312324,ENSP00000320176
HSD3B1,CANCER,underexpression,22966885,ENSP00000358421
HSFY1,SERTOLI CELL-ONLY SYNDROME,underexpression,22820855,ENSP00000306549
HSFY2,SERTOLI CELL-ONLY SYNDROME,underexpression,22820855,ENSP00000306549
HSFY,AZOOSPERMIA,underexpression,22820855,ENSP00000306549
HSFY,SYNDROME,underexpression,22820855,ENSP00000306549
HSPA4,ADENOMA,underexpression,23196783,ENSP00000302961
HTC2,OVARIAN CARCINOMA,underexpression,17266044,HTC2
HuR,BREAST CANCER,underexpression,12431987,ENSP00000385269
hydroxyacyl-CoA dehydrogenase,BREAST CANCER,underexpression,22240105,ENSP00000385638
ID1,BREAST CANCER,underexpression,22899882,ENSP00000365280
ID2,CARCINOMA,underexpression,16943582,ENSP00000234091
ID2,PITUITARY CARCINOMA,underexpression,16943582,ENSP00000234091
IFI27,LEIOMYOMA,underexpression,22320196,ENSP00000298902
IFNA13,LUPUS ERYTHEMATOSUS,underexpression,19333922,ENSP00000394494
IFNA1,LUPUS ERYTHEMATOSUS,underexpression,19333922,ENSP00000276927
IFN,ANKYLOSING SPONDYLITIS,underexpression,24374654,ENSP00000276927
IFN,ANKYLOSING SPONDYLITIS,underexpression,24757137,ENSP00000276927
IFN,HEPATITIS B,underexpression,1323599,ENSP00000276927
IFN,LIVER DISEASE,underexpression,1323599,ENSP00000276927
IFN,SYSTEMIC LUPUS ERYTHEMATOSUS,underexpression,19333922,ENSP00000276927
IGF1R,PANCREATIC CANCER,underexpression,15595644,ENSP00000268035
IGFBP3,SARCOMA,underexpression,23185447,ENSP00000370473
IGFBP5,MUCOEPIDERMOID CARCINOMA,underexpression,15642389,ENSP00000233813
IGFBP6,DUCHENNE MUSCULAR DYSTROPHY,underexpression,15734791,ENSP00000301464
IGFBP7,PSORIASIS,underexpression,17223869,ENSP00000295666
II,BREAST CANCER,underexpression,18544966,ENSP00000362068
II,DENTINOGENESIS IMPERFECTA,underexpression,1481841,ENSP00000362068
II,OSTEOPOROSIS,underexpression,1481841,ENSP00000362068
IIp45,GLIOBLASTOMA MULTIFORME,underexpression,15867349,ENSP00000235332
II,SYNDROME,underexpression,1481841,ENSP00000362068
IL-18,ASTHMA,underexpression,23283012,ENSP00000280357
IL-1B,CANCER,underexpression,22513871,ENSP00000263341
IL27RA,SYNDROME,underexpression,22936014,ENSP00000263379
IL2,LUPUS ERYTHEMATOSUS,underexpression,22736314,ENSP00000226730
IL-2,LYMPHOCYTIC CHORIOMENINGITIS,underexpression,7685735,ENSP00000226730
IL-4,ATOPIC DERMATITIS,underexpression,12072261,ENSP00000231449
IL-4,HYPERGLYCEMIA,underexpression,18337172,ENSP00000231449
IL-8,CANCER,underexpression,22695075,ENSP00000306512
IL-8,PROSTATE CANCER,underexpression,22555040,ENSP00000306512
iNOS,ALZHEIMER'S DISEASE,underexpression,18057561,ENSP00000327251
iNOS,ISCHEMIA,underexpression,16797273,ENSP00000327251
Insulin,LUNG CANCER,underexpression,23980150,Insulin
IRF8,MULTIPLE MYELOMA,underexpression,18922617,ENSP00000268638
IRP1,CANCER,underexpression,20957285,ENSP00000309477
ITGAL,COLORECTAL CANCER,underexpression,17390011,ENSP00000349252
JUNB,HEPATOCELLULAR CARCINOMA,underexpression,15706412,ENSP00000303315
Kalirin,ALZHEIMER'S DISEASE,underexpression,18057561,ENSP00000240874
KCNN2,SARCOMA,underexpression,23185447,ENSP00000264773
keratin 1,OVARIAN CANCER,underexpression,21332407,ENSP00000252244
keratin 1,OVARIAN CARCINOMA,underexpression,21332407,ENSP00000252244
KIAA0256,LUNG CANCER,underexpression,21566536,ENSP00000453854
KIF2C,BREAST CANCER,underexpression,21679412,ENSP00000361298
KLK5,BREAST CANCER,underexpression,19453546,ENSP00000337733
KMT2A,ACUTE LYMPHOCYTIC LEUKEMIA,underexpression,17146554,ENSP00000472616
KRAS,COLORECTAL CANCER,underexpression,19678923,ENSP00000309845
KRAS,MELANOMA,underexpression,21543894,ENSP00000309845
KRT6,ADENOCARCINOMA,underexpression,15571795,ENSP00000293745
KRT6,OVARIAN CANCER,underexpression,15571795,ENSP00000293745
LATS2,LUNG CANCER,underexpression,19238334,ENSP00000372035
let-7a-1,ADENOCARCINOMA,underexpression,20413677,let-7a-1
let-7a-2,ADENOCARCINOMA,underexpression,20413677,let-7a-2
let-7a-3,ADENOCARCINOMA,underexpression,20413677,let-7a-3
let-7a,CANCER,underexpression,18840638,let-7a
let-7a,CRANIOPHARYNGIOMA,underexpression,21761366,let-7a
let-7a,LEUKEMIA,underexpression,17989717,let-7a
let-7a,SARCOMA,underexpression,24383407,let-7a
let-7b,OVARIAN CANCER,underexpression,23542579,let-7b
LGALS3,ADENOMA,underexpression,16943582,ENSP00000254301
LGALS3,CARCINOMA,underexpression,16943582,ENSP00000254301
LKB1,RENAL CELL CARCINOMA,underexpression,23322200,ENSP00000324856
LMP2,INFLUENZA,underexpression,7583150,ENSP00000407233
LMP2,LYMPHOMA,underexpression,7583150,ENSP00000407233
LZTS1,PROSTATE CANCER,underexpression,24525428,ENSP00000265801
MAD1,CANCER,underexpression,17333263,ENSP00000265854
MAD1,CANCER,underexpression,18791270,ENSP00000265854
MAD1,HEPATOCELLULAR CARCINOMA,underexpression,24374861,ENSP00000265854
MAD2,ADENOCARCINOMA,underexpression,15013707,ENSP00000331152
MB,MEDULLOBLASTOMA,underexpression,23227829,ENSP00000352835
MCM7,MENINGIOMA,underexpression,24724603,ENSP00000307288
MCT4,TEMPORAL LOBE EPILEPSY,underexpression,24464262,ENSP00000376150
MDC1,BREAST CANCER,underexpression,20521098,ENSP00000416511
MHC class I antigen,COLON ADENOCARCINOMA,underexpression,9014214,MHC class I antigen
MHC class I antigen,COLON CANCER,underexpression,9014214,MHC class I antigen
MHC,MELANOMA,underexpression,9466661,ENSP00000407431
MIIP,GLIOBLASTOMA MULTIFORME,underexpression,15867349,ENSP00000235332
miR-122,HEPATOCELLULAR CARCINOMA,underexpression,20739924,miR-122
miR-122,LIVER CANCER,underexpression,20739924,miR-122
miR-125a,LYMPHOMA,underexpression,22307176,miR-125a
miR-125b-1,CARCINOMA,underexpression,20145181,miR-125b-1
miR-125b-2,CARCINOMA,underexpression,20145181,miR-125b-2
miR-125b,OVARIAN CANCER,underexpression,20658525,miR-125b
miR-126,LYMPHOMA,underexpression,22307176,miR-126
miR-139,LYMPHOMA,underexpression,22307176,miR-139
miR-143,ADENOCARCINOMA,underexpression,20413677,miR-143
miR-143,COLORECTAL CANCER,underexpression,19287964,miR-143
miR-145,ADENOCARCINOMA,underexpression,20413677,miR-145
miR-145,COLORECTAL CANCER,underexpression,19287964,miR-145
miR-146b,NEUROBLASTOMA,underexpression,22244746,miR-146b
miR-152,NEUROBLASTOMA,underexpression,22244746,miR-152
miR-16-1,ADENOCARCINOMA,underexpression,20413677,miR-16-1
miR-16-2,ADENOCARCINOMA,underexpression,20413677,miR-16-2
miR-191,ADENOCARCINOMA,underexpression,20413677,miR-191
miR-192,ADENOCARCINOMA,underexpression,20413677,miR-192
miR-193a,MELANOMA,underexpression,20357817,miR-193a
miR-193a,MELANOMA,underexpression,20357817,miR-193a
miR-196a-1,ADENOCARCINOMA,underexpression,20413677,miR-196a-1
miR-196a-2,ADENOCARCINOMA,underexpression,20413677,miR-196a-2
miR-215,ADENOCARCINOMA,underexpression,20413677,miR-215
miR-21,COLON CANCER,underexpression,19826040,ENSP00000262291
miR-21,SKIN SQUAMOUS CELL CARCINOMA,underexpression,24959246,ENSP00000262291
miR-25,SQUAMOUS CELL CARCINOMA,underexpression,21244772,miR-25
miR-26b,ADENOCARCINOMA,underexpression,20413677,miR-26b
MIR26B,BREAST CARCINOMA,underexpression,21510944,MIR26B
miR-338,MELANOMA,underexpression,20357817,miR-338
miR-338,MELANOMA,underexpression,20357817,miR-338
miR-339,NEUROBLASTOMA,underexpression,22244746,miR-339
miR-345,LYMPHOMA,underexpression,22307176,miR-345
miR-370,NEUROBLASTOMA,underexpression,22244746,miR-370
miR-375,CARCINOMA,underexpression,20145181,miR-375
miR-9-1,NEUROBLASTOMA,underexpression,22244746,miR-9-1
miR-9-2,NEUROBLASTOMA,underexpression,22244746,miR-9-2
miR-9-3,NEUROBLASTOMA,underexpression,22244746,miR-9-3
miR-9,NEUROBLASTOMA,underexpression,22244746,miR-9
MKL1,MICROCEPHALY,underexpression,23692340,ENSP00000347847
MLL,LEUKEMIA,underexpression,18195096,ENSP00000472616
MLL,NEUROBLASTOMA,underexpression,18195096,ENSP00000472616
MLL,SYNDROME,underexpression,18195096,ENSP00000472616
MMP1,COLORECTAL CANCER,underexpression,21531813,ENSP00000322788
MMP2,COLON CANCER,underexpression,21531813,ENSP00000219070
MMP2,COLORECTAL CANCER,underexpression,21531813,ENSP00000219070
MMP2,COLORECTAL CANCER,underexpression,21531813,ENSP00000219070
MMP-9,PERIODONTITIS,underexpression,23507779,ENSP00000361405
MnSOD,OBESITY,underexpression,24651439,MnSOD
MnSOD,TYPE 2 DIABETES,underexpression,24651439,MnSOD
MPN,SYNDROME,underexpression,21264917,ENSP00000306390
MRVI1,KERATOCONUS,underexpression,19956410,ENSP00000412130
MSMB,PROSTATE CARCINOMA,underexpression,19997100,ENSP00000463092
MSMO1,OBESITY,underexpression,22791750,ENSP00000261507
MTX,COLON CANCER,underexpression,21864507,ENSP00000357360
MUC1,CANCER,underexpression,19885554,ENSP00000357380
MUC1,STOMACH CARCINOMA,underexpression,19885554,ENSP00000357380
MYC,BREAST CANCER,underexpression,24931809,ENSP00000367207
MYCN,NEUROBLASTOMA,underexpression,17283129,ENSP00000281043
myosin,AMYOTROPHIC LATERAL SCLEROSIS,underexpression,21375368,ENSP00000262269
myosin,NEUROPATHY,underexpression,21375368,ENSP00000262269
NAF,BREAST CARCINOMA,underexpression,16542425,ENSP00000306512
NBL1,PROSTATE CANCER,underexpression,22948749,ENSP00000289749
N-cadherin,OVARIAN CANCER,underexpression,17266044,ENSP00000269141
neuroserpin,DEMENTIA,underexpression,16146712,ENSP00000295777
neuroserpin,NEURODEGENERATIVE DISEASE,underexpression,16146712,ENSP00000295777
NF1,TETRALOGY OF FALLOT,underexpression,24140236,ENSP00000351015
NF2,MENINGIOMA,underexpression,18604545,ENSP00000344666
NF2,PEDIATRIC EPENDYMOMA,underexpression,15701279,ENSP00000344666
NF-kappaB,HEPATOCELLULAR CARCINOMA,underexpression,15498786,ENSP00000226574
NIS,ADENOMA,underexpression,15012610,ENSP00000222248
NPC,CARCINOMA,underexpression,21373758,ENSP00000269228
NPC,CARCINOMA,underexpression,22739938,ENSP00000269228
NPS,SCHIZOPHRENIA,underexpression,17264840,ENSP00000381105
NR3C1,ADENOMA,underexpression,23196783,ENSP00000231509
NR4A1,FOLLICULAR ADENOMA,underexpression,18727708,ENSP00000353427
NR4A1,FOLLICULAR THYROID CARCINOMA,underexpression,18727708,ENSP00000353427
NR4A1,THYROID ADENOMA,underexpression,18727708,ENSP00000353427
NR4A2,ANKYLOSING SPONDYLITIS,underexpression,19643760,ENSP00000344479
NR4A2,MULTIPLE SCLEROSIS,underexpression,24852325,ENSP00000344479
3-Oct,PROSTATE CANCER,underexpression,22231567,ENSP00000405041
opioid growth factor receptor,OVARIAN CANCER,underexpression,22328595,ENSP00000290291
OPTN,CROHN'S DISEASE,underexpression,24943399,ENSP00000263036
osteocalcin,BONE DISEASE,underexpression,17129176,ENSP00000357255
osteocalcin,MYELOMA,underexpression,17129176,ENSP00000357255
osteocalcin,PAGET'S DISEASE OF BONE,underexpression,17129176,ENSP00000357255
p14,DIGEORGE SYNDROME,underexpression,23661601,ENSP00000301488
p14,MELANOMA,underexpression,23661601,ENSP00000301488
p14,SKIN CANCER,underexpression,23661601,ENSP00000301488
p16,CANCER,underexpression,14999779,p16
p16,LEUKEMIA,underexpression,9815612,p16
p16,LUNG CANCER,underexpression,19167448,p16
p16,MULTIPLE MYELOMA,underexpression,9815612,p16
p16,SQUAMOUS CELL CARCINOMA,underexpression,17634024,p16
p16,SQUAMOUS CELL CARCINOMA,underexpression,20388212,p16
p16,VULVAR SEBORRHEIC KERATOSIS,underexpression,12827609,p16
p18,HEPATOCELLULAR CARCINOMA,underexpression,15994756,ENSP00000369518
p18,PITUITARY ADENOMA,underexpression,15994756,ENSP00000369518
P1,MALE INFERTILITY,underexpression,15705617,ENSP00000402758
p20,STOMACH CANCER,underexpression,12923326,ENSP00000290942
p21,RETINOBLASTOMA,underexpression,12534338,ENSP00000361707
p27,CHONDROSARCOMA,underexpression,11314534,ENSP00000443772
p27,HEPATOCELLULAR CARCINOMA,underexpression,12713869,ENSP00000443772
p27Kip1,ADENOCARCINOMA,underexpression,12047142,p27Kip1
p27,MELANOMA,underexpression,10337591,ENSP00000443772
p27,MELANOMA,underexpression,9579467,ENSP00000443772
p27,OVARIAN CANCER,underexpression,11295040,ENSP00000443772
p27,PAPILLARY THYROID CARCINOMA,underexpression,11932323,ENSP00000443772
p27,PAPILLARY THYROID CARCINOMA,underexpression,18925698,ENSP00000443772
P2,BREAST CANCER,underexpression,14981896,ENSP00000322419
p35,ISCHEMIA,underexpression,18471005,ENSP00000318486
p53,CANCER,underexpression,20881002,ENSP00000269305
p53,CANCER,underexpression,21252250,ENSP00000269305
p53,CARCINOMA,underexpression,20060094,ENSP00000269305
p53,CHOLANGIOCARCINOMA,underexpression,9537436,ENSP00000269305
p53,ENDOMETRIAL CANCER,underexpression,23645775,ENSP00000269305
p53,LUNG CANCER,underexpression,11752463,ENSP00000269305
p53,LUNG CANCER,underexpression,22593438,ENSP00000269305
P53,RELAPSING-REMITTING MULTIPLE SCLEROSIS,underexpression,23077530,ENSP00000269305
p53,RETINOBLASTOMA,underexpression,12534338,ENSP00000269305
p63,LARYNGEAL SQUAMOUS CELL CARCINOMA,underexpression,20847581,ENSP00000367265
p63,LICHEN PLANUS,underexpression,15564824,ENSP00000367265
PAX5,LYMPHOBLASTIC LEUKEMIA,underexpression,18957548,ENSP00000396259
PAX6,MICROPHTHALMIA,underexpression,18507827,ENSP00000368401
paxillin,MELANOMA,underexpression,18078823,ENSP00000228307
PCNA,CERVIX CARCINOMA,underexpression,9784316,ENSP00000368438
PDCD4,SQUAMOUS CELL CARCINOMA,underexpression,16164832,ENSP00000280154
PDCD4,SQUAMOUS CELL CARCINOMA,underexpression,20831814,ENSP00000280154
peripheral myelin protein 22,NEUROPATHY,underexpression,9040736,peripheral myelin protein 22
peroxiredoxin 2,HEPATITIS,underexpression,19535095,ENSP00000301522
peroxiredoxin 2,HEPATOCELLULAR CARCINOMA,underexpression,19535095,ENSP00000301522
Peroxisome proliferator-activated receptor gamma,RENAL CELL CARCINOMA,underexpression,16643621,Peroxisome proliferator-activated receptor gamma
PHA,HEPATITIS C,underexpression,12173307,ENSP00000272163
PKU,PHENYLKETONURIA,underexpression,9507164,ENSP00000448059
PLXNA3,OVARIAN CANCER,underexpression,16116479,ENSP00000470631
PMP22,CHARCOT-MARIE-TOOTH DISEASE,underexpression,11550219,ENSP00000444697
PMP22,NEUROPATHY,underexpression,11550219,ENSP00000444697
PMP22 protein,AMYOTROPHIC LATERAL SCLEROSIS,underexpression,19437170,PMP22 protein
PMP22 protein,NEUROPATHY,underexpression,19437170,PMP22 protein
polymerase,NEUROBLASTOMA,underexpression,11953454,ENSP00000464345
POU5F1,PROSTATE CARCINOMA,underexpression,22231567,ENSP00000405041
PPARgamma,THYROID CANCER,underexpression,15238980,ENSP00000287820
PPARG,CARCINOMA,underexpression,19724872,ENSP00000287820
PPAR,THYROID CANCER,underexpression,15238980,ENSP00000262735
PPP2R2A,ACUTE MYELOID LEUKEMIA,underexpression,24858343,ENSP00000325074
P protein,MEASLES,underexpression,1402813,P protein
PRAP1,HEPATOCELLULAR CARCINOMA,underexpression,24374861,ENSP00000416126
PR,BREAST CANCER,underexpression,10508492,ENSP00000325120
PRDM2,BREAST CARCINOMA,underexpression,10508492,ENSP00000235372
PRDM2,BREAST CARCINOMA,underexpression,9766644,ENSP00000235372
PRDX2,DOWN SYNDROME,underexpression,12943237,ENSP00000301522
PRDX2,DOWN SYNDROME,underexpression,12943237,ENSP00000301522
PRDX2,DOWN SYNDROME,underexpression,12943237,ENSP00000301522
PRG4,SCHIZOPHRENIA,underexpression,17264840,ENSP00000399679
PRIP,TYPE 2 DIABETES,underexpression,15254874,ENSP00000402861
Prohibitin,ASTROCYTOMA,underexpression,15759318,Prohibitin
PS1,ALZHEIMER'S DISEASE,underexpression,11814648,ENSP00000326366
PS1,TETANUS,underexpression,11814648,ENSP00000326366
PSEN1,LYMPHOBLASTIC LEUKEMIA,underexpression,24688641,ENSP00000326366
PSMA,ENDOMETRIAL ADENOCARCINOMA,underexpression,18349274,ENSP00000256999
PTC,FOLLICULAR THYROID CARCINOMA,underexpression,11752453,ENSP00000455619
PTC,PAPILLARY THYROID CARCINOMA,underexpression,11752453,ENSP00000455619
PTC,PAPILLARY THYROID CARCINOMA,underexpression,17415708,ENSP00000455619
PTEN,CANCER,underexpression,24805236,ENSP00000361021
PTEN,CANCER,underexpression,24844205,ENSP00000361021
PTEN,CARCINOMA,underexpression,21029699,ENSP00000361021
PTEN,HEPATOCELLULAR CARCINOMA,underexpression,21520171,ENSP00000361021
PTEN,LUNG CANCER,underexpression,20008839,ENSP00000361021
PTEN,NON-SMALL CELL LUNG CARCINOMA,underexpression,20008839,ENSP00000361021
PTEN,SYNDROME,underexpression,21177507,ENSP00000361021
PTP1B,OVARIAN CARCINOMA,underexpression,23814047,ENSP00000360683
PTP,MELANOMA,underexpression,21320293,ENSP00000334941
PTPN1,OVARIAN CARCINOMA,underexpression,23814047,ENSP00000360683
PTPN6,ACUTE MYELOID LEUKEMIA,underexpression,17940205,ENSP00000468853
PTP,RETINITIS PIGMENTOSA,underexpression,10859693,ENSP00000334941
PUMA,CARCINOMA,underexpression,18838543,ENSP00000404503
PXR,ULCERATIVE COLITIS,underexpression,19516190,ENSP00000336528
QKI,SCHIZOPHRENIA,underexpression,17012699,ENSP00000355094
QKI,SCHIZOPHRENIA,underexpression,17012699,ENSP00000355094
RAC2,PROSTATE CARCINOMA,underexpression,15754346,ENSP00000249071
RAD50,HEPATOCELLULAR CARCINOMA,underexpression,24020493,ENSP00000265335
RAP1A,SQUAMOUS CELL CARCINOMA,underexpression,23906251,ENSP00000348786
RAR,BREAST CANCER,underexpression,12193472,ENSP00000461785
RAR,BREAST CANCER,underexpression,8386111,ENSP00000461785
RASSF1A,HEPATOCELLULAR CARCINOMA,underexpression,21338215,ENSP00000458429
RB1,BREAST CANCER,underexpression,11108660,ENSP00000267163
RB1,BREAST CANCER,underexpression,11781824,ENSP00000267163
RB1,BREAST CARCINOMA,underexpression,11108660,ENSP00000267163
RB1,BREAST CARCINOMA,underexpression,11108660,ENSP00000267163
RB1,EMBRYONAL CARCINOMA,underexpression,17167184,ENSP00000267163
RB1,RETINOBLASTOMA,underexpression,11108660,ENSP00000267163
RCBTB2,PROSTATE CARCINOMA,underexpression,12115502,ENSP00000345144
RECK,PROSTATE CANCER,underexpression,22139647,ENSP00000367202
RELN,BIPOLAR DISORDER,underexpression,22981949,ENSP00000392423
RELN,LISSENCEPHALY,underexpression,22981949,ENSP00000392423
RELN,SCHIZOPHRENIA,underexpression,17264840,ENSP00000392423
RELN,SCHIZOPHRENIA,underexpression,22981949,ENSP00000392423
REQ,MALIGNANT MESOTHELIOMA,underexpression,14987796,ENSP00000436901
REQ,MALIGNANT PLEURAL MESOTHELIOMA,underexpression,14987796,ENSP00000436901
reticulon 3,OVARIAN CANCER,underexpression,11925933,ENSP00000344106
RGN,PROSTATE CARCINOMA,underexpression,19347872,ENSP00000253303
RGS16,PANCREATIC CANCER,underexpression,20571966,ENSP00000356529
RGS4,SCHIZOPHRENIA,underexpression,15381923,ENSP00000397181
RGS4,SCHIZOPHRENIA,underexpression,15381923,ENSP00000397181
Rho,BREAST CANCER,underexpression,21447808,ENSP00000308576
Rho,FRAGILE X SYNDROME,underexpression,16199166,ENSP00000308576
RhoGAP,HEPATOCELLULAR CARCINOMA,underexpression,19440389,ENSP00000310491
RhoGAP,LIVER CANCER,underexpression,19440389,ENSP00000310491
Rho GTPase-activating protein,HEPATOCELLULAR CARCINOMA,underexpression,19668331,Rho GTPase-activating protein
Rho GTPase-activating protein,LIVER CANCER,underexpression,19668331,Rho GTPase-activating protein
RhoH,CANCER,underexpression,18823547,ENSP00000371219
RhoH,HAIRY CELL LEUKEMIA,underexpression,18559497,ENSP00000371219
rho,OLIGODENDROGLIOMA,underexpression,17653765,ENSP00000364893
RIZ1,BREAST CANCER,underexpression,10508492,ENSP00000235372
RIZ1,BREAST CANCER,underexpression,9766644,ENSP00000235372
RIZ1,NEUROBLASTOMA,underexpression,20878080,ENSP00000235372
RIZ1,RETINOBLASTOMA,underexpression,10369808,ENSP00000235372
RIZ1,RETINOBLASTOMA,underexpression,20878080,ENSP00000235372
RIZ2,HEPATOCELLULAR CARCINOMA,underexpression,10862032,ENSP00000235372
RNASE1,STOMACH CARCINOMA,underexpression,12127692,ENSP00000344193
RNF139,DYSGERMINOMA,underexpression,19642973,ENSP00000304051
RNU6-2,PROSTATE CANCER,underexpression,20890088,RNU6-2
RNU6-2,PROSTATE CARCINOMA,underexpression,20890088,RNU6-2
ROCK2,TUBEROUS SCLEROSIS,underexpression,24604753,ENSP00000317985
RP,ADENOMA,underexpression,22992986,ENSP00000393840
RPE,AGE RELATED MACULAR DEGENERATION,underexpression,23601964,ENSP00000352401
RPE,ALZHEIMER'S DISEASE,underexpression,23601964,ENSP00000352401
RPE,ATHEROSCLEROSIS,underexpression,23601964,ENSP00000352401
RPE,BLINDNESS,underexpression,23601964,ENSP00000352401
RPE,OSTEOARTHRITIS,underexpression,23601964,ENSP00000352401
RPL7A,OSTEOSARCOMA,underexpression,19125294,ENSP00000455188
RPS14,SYNDROME,underexpression,20491881,ENSP00000311028
RPS26,CANCER,underexpression,23613646,ENSP00000348849
RPS3,ADENOCARCINOMA,underexpression,11948124,ENSP00000433821
RUNX2,OVARIAN HYPERSTIMULATION SYNDROME,underexpression,23900753,ENSP00000360493
RUNX2,POLYCYSTIC OVARY SYNDROME,underexpression,23900753,ENSP00000360493
RUNX3,ACUTE MYELOID LEUKEMIA,underexpression,18663147,ENSP00000343477
RUNX3,BREAST CANCER,underexpression,16818622,ENSP00000343477
RUNX3,CANCER,underexpression,23549984,ENSP00000343477
S100A2,MELANOMA,underexpression,20093728,ENSP00000357697
S-adenosylhomocysteine hydrolase,WILSON DISEASE,underexpression,21751376,ENSP00000217426
SAGE1,PROSTATE CARCINOMA,underexpression,16890201,ENSP00000468892
SAT1,BIPOLAR DISORDER,underexpression,23768751,ENSP00000381634
SAT2,MULTIPLE MYELOMA,underexpression,21961181,ENSP00000269298
SATB2,COLORECTAL CANCER,underexpression,19557828,ENSP00000260926
SATB2,COLORECTAL CANCER,underexpression,19557828,ENSP00000260926
SCF,LUNG CANCER,underexpression,23658844,ENSP00000228280
SDC1,MULTIPLE MYELOMA,underexpression,18922617,ENSP00000254351
serine,CANCER,underexpression,19444892,ENSP00000350894
serine/threonine kinase,CANCER,underexpression,12115547,ENSP00000385751
SERPINB2,OVARIAN CARCINOMA,underexpression,17266044,ENSP00000299502
SFN,CARCINOMA,underexpression,16964403,ENSP00000340989
SFRP1,BREAST CANCER,underexpression,19569235,ENSP00000220772
SLC12A9,ADENOCARCINOMA,underexpression,11752463,ENSP00000275730
SLC14A2,TETRALOGY OF FALLOT,underexpression,24140236,ENSP00000255226
SLC16A3,CANCER,underexpression,24366912,ENSP00000376150
SLC16A3,OVARIAN CANCER,underexpression,18028382,ENSP00000376150
SLC22A3,PROSTATE CARCINOMA,underexpression,22231567,ENSP00000275300
SLC26A3,COLORECTAL CANCER,underexpression,19678923,ENSP00000345873
SLC26A3,COLORECTAL CANCER,underexpression,19678923,ENSP00000345873
SLIT3,LUNG CANCER,underexpression,20838434,ENSP00000430333
SMAD2,COLORECTAL CANCER,underexpression,18949743,ENSP00000262160
SMAD2,CROHN'S DISEASE,underexpression,18949743,ENSP00000262160
SMAD2,INFLAMMATORY BOWEL DISEASE,underexpression,18949743,ENSP00000262160
SMAD2,ULCERATIVE COLITIS,underexpression,18949743,ENSP00000262160
SMAD4,CANCER,underexpression,23440507,ENSP00000341551
SMAD6,KIDNEY CANCER,underexpression,24916699,ENSP00000288840
SMAD6,RENAL CELL CARCINOMA,underexpression,24916699,ENSP00000288840
SMCHD1,LEUKEMIA,underexpression,23269277,ENSP00000326603
SMCHD1,LYMPHOMA,underexpression,23269277,ENSP00000326603
SMO,BREAST CANCER,underexpression,20946629,ENSP00000307252
SNAI2,SQUAMOUS CELL CARCINOMA,underexpression,24461629,ENSP00000020945
SOCS2,OVARIAN CARCINOMA,underexpression,16142353,ENSP00000339428
SORL1,ALZHEIMER'S DISEASE,underexpression,17826910,ENSP00000260197
SORL1,ALZHEIMER'S DISEASE,underexpression,21280075,ENSP00000260197
SORL1,DEMENTIA,underexpression,17826910,ENSP00000260197
SORL1,DOWN SYNDROME,underexpression,17826910,ENSP00000260197
SOS1,PROSTATE CANCER,underexpression,17636412,ENSP00000384675
SOX9,GRANULOSA CELL TUMOR,underexpression,18721930,ENSP00000245479
S-phase kinase-associated protein 2,CARCINOMA,underexpression,22596182,ENSP00000274255
S-phase kinase-associated protein 2,CARCINOMA,underexpression,22968827,ENSP00000274255
SPINT2,ADENOCARCINOMA,underexpression,11948124,ENSP00000465845
SRC1,CANCER,underexpression,21871880,ENSP00000350941
SSTR2,ACROMEGALY,underexpression,24098585,ENSP00000350198
SSTR2,PITUITARY ADENOMA,underexpression,24098585,ENSP00000350198
SSTR5,ACROMEGALY,underexpression,23672766,ENSP00000293897
SSTR5,THYROID CANCER,underexpression,23672766,ENSP00000293897
SSTR5,THYROIDITIS,underexpression,23672766,ENSP00000293897
STAT1,OVARIAN CANCER,underexpression,17266044,ENSP00000354394
STAT5B,ACUTE MYELOID LEUKEMIA,underexpression,16849538,ENSP00000293328
STK11,ENDOMETRIAL CARCINOMA,underexpression,22635025,ENSP00000324856
STK11,LUNG ADENOCARCINOMA,underexpression,22590557,ENSP00000324856
STK11,OBESITY,underexpression,22635025,ENSP00000324856
STK11,UTERINE CORPUS CANCER,underexpression,22635025,ENSP00000324856
STRAP,SYSTEMIC LUPUS ERYTHEMATOSUS,underexpression,21613329,ENSP00000392270
SYK,CANCER,underexpression,16964403,ENSP00000364898
SYK,CARCINOMA,underexpression,16964403,ENSP00000364898
SZP,SCHIZOPHRENIA,underexpression,17264840,ENSP00000399679
TAX1BP2,HEPATOCELLULAR CARCINOMA,underexpression,22610972,ENSP00000261776
TCPTP,INSULINOMA,underexpression,21216966,ENSP00000311857
Tetranectin,SQUAMOUS CELL CARCINOMA,underexpression,20957082,Tetranectin
TF,BIPOLAR DISORDER,underexpression,19447584,ENSP00000385834
TFE3,SARCOMA,underexpression,23797724,ENSP00000470141
TF,MAJOR DEPRESSIVE DISORDER,underexpression,19447584,ENSP00000385834
TFPI,DISSEMINATED INTRAVASCULAR COAGULATION,underexpression,9426395,ENSP00000233156
TF,SCHIZOPHRENIA,underexpression,19447584,ENSP00000385834
TGFB1,PROSTATE CARCINOMA,underexpression,21876965,ENSP00000221930
TGFB1,TERATOCARCINOMA,underexpression,12147741,ENSP00000221930
TG,HEART DISEASE,underexpression,10677535,ENSP00000220616
TG,OBESITY,underexpression,10677535,ENSP00000220616
thioredoxin,CYSTIC FIBROSIS,underexpression,19075930,ENSP00000363641
thioredoxin,INFLAMMATORY BOWEL DISEASE,underexpression,19075930,ENSP00000363641
thrombomodulin,PROCTITIS,underexpression,9926806,thrombomodulin
thyroglobulin,THYROID CANCER,underexpression,15613457,ENSP00000220616
TIEG,BRAIN CANCER,underexpression,17611651,ENSP00000285407
TIEG,LUNG ADENOCARCINOMA,underexpression,17611651,ENSP00000285407
TIEG,NEUROFIBROMATOSIS,underexpression,17611651,ENSP00000285407
TIM-3,RHEUMATOID ARTHRITIS,underexpression,21717191,TIM-3
TIMP1,PANCREATIC CARCINOMA,underexpression,15910719,ENSP00000218388
TIMP-1,PROSTATE CANCER,underexpression,22139647,TIMP-1
TIMP2,PROSTATE CANCER,underexpression,22555040,ENSP00000262768
TM7SF2,ADRENOCORTICAL CARCINOMA,underexpression,20231622,ENSP00000279263
TNFAIP6,EOSINOPHILIC ESOPHAGITIS,underexpression,23503644,ENSP00000243347
TNF,GLIOBLASTOMA,underexpression,22591734,ENSP00000410668
TNF,PSORIASIS,underexpression,11298547,ENSP00000410668
TP53,ADENOCARCINOMA,underexpression,11752463,ENSP00000269305
TP53,DIFFUSE LARGE B-CELL LYMPHOMA,underexpression,17881637,ENSP00000269305
TP53,SQUAMOUS CELL CARCINOMA,underexpression,18006756,ENSP00000269305
TPM1,COLORECTAL CANCER,underexpression,19678923,ENSP00000357516
TRAF4,ADENOMA,underexpression,16888677,ENSP00000262395
TRAIL,APLASTIC ANEMIA,underexpression,24778996,ENSP00000241261
transferrin receptor,ADENOCARCINOMA,underexpression,17366642,ENSP00000353224
transferrin receptor,ATROPHIC GASTRITIS,underexpression,17366642,ENSP00000353224
Translin,DYSGERMINOMA,underexpression,19642973,Translin
TRC8,DYSGERMINOMA,underexpression,19642973,ENSP00000304051
TRIM22,BREAST CANCER,underexpression,24183724,ENSP00000369299
TRIM29,BREAST CANCER,underexpression,17597343,ENSP00000343129
TSHR,ADENOMA,underexpression,15012610,ENSP00000298171
TSN,DYSGERMINOMA,underexpression,19642973,ENSP00000374332
TSP2,OPEN-ANGLE GLAUCOMA,underexpression,22930728,ENSP00000355751
TSPAN16,LYMPHOBLASTIC LEUKEMIA,underexpression,17312329,ENSP00000319486
TTP,CANCER,underexpression,24697202,ENSP00000456186
TTR,ANKYLOSING SPONDYLITIS,underexpression,20483041,ENSP00000237014
TYRO3 protein tyrosine kinase,RENAL CELL CARCINOMA,underexpression,16831170,ENSP00000263798
UBE2I,ADENOCARCINOMA,underexpression,11948124,ENSP00000324897
UBE2N,LUNG CANCER,underexpression,19351853,ENSP00000316176
UBE2T,ADENOCARCINOMA,underexpression,11948124,ENSP00000356243
UBE3A,ANGELMAN SYNDROME,underexpression,11180221,ENSP00000381045
UBE3A,PRADER-WILLI SYNDROME,underexpression,11180221,ENSP00000381045
UCHL1,HUNTINGTON'S DISEASE,underexpression,15911766,ENSP00000284440
UCHL1,NEURODEGENERATIVE DISEASE,underexpression,15911766,ENSP00000284440
UTR,COLORECTAL CANCER,underexpression,9056678,ENSP00000323516
UTS2R,TETRALOGY OF FALLOT,underexpression,24140236,ENSP00000323516
VDR,ADENOMA,underexpression,12444900,ENSP00000447173
VDR,PARATHYROID ADENOMA,underexpression,12444900,ENSP00000447173
VDR,PARATHYROID ADENOMA,underexpression,12444900,ENSP00000447173
VEGF-D,COLON CANCER,underexpression,23148666,ENSP00000297904
VEGF-D,COLON CARCINOMA,underexpression,23148666,ENSP00000297904
VEGF,LUNG CANCER,underexpression,23226772,ENSP00000361125
VEGF,ULCERATIVE COLITIS,underexpression,15764150,ENSP00000361125
VGLL3,OVARIAN CANCER,underexpression,19347865,ENSP00000381436
VIP,CHOLERA,underexpression,1327726,ENSP00000402505
VIP,DIABETIC NEUROPATHY,underexpression,1327726,ENSP00000402505
VIP,PERTUSSIS,underexpression,1327726,ENSP00000402505
VPF,ATHEROSCLEROSIS,underexpression,11156961,ENSP00000361125
WSN,INFLUENZA,underexpression,2140629,WSN
WWOX,THYROID CANCER,underexpression,18047428,ENSP00000457230
ZEB1,HEPATOCELLULAR CARCINOMA,underexpression,22212097,ENSP00000354487
Zinc finger,HEPATOCELLULAR CARCINOMA,underexpression,17786358,Zinc finger
ZO-1,CELIAC DISEASE,underexpression,12239464,ENSP00000281537
ADRB2,PROSTATE CANCER,underexpression,17996646,ENSP00000305372
HA6T4,HEPATITIS B,underexpression,11494152,ENSP00000402395
AGTR1,DOWN SYNDROME,underexpression,17668390,ENSP00000273430
AGTR1,ENDOMETRIAL CARCINOMA,underexpression,22525818,ENSP00000273430
AGTR1,HYPERTENSION,underexpression,17668390,ENSP00000273430
alpha-1-antitrypsin,ENDOMETRIAL CANCER,underexpression,15822913,ENSP00000348068
alpha-fetoprotein,PROSTATE CANCER,underexpression,17932343,ENSP00000379138
amphiregulin,CHOLANGIOCARCINOMA,underexpression,20816680,ENSP00000264487
androgen receptor,PROSTATE CANCER,underexpression,23145211,ENSP00000363822
ANTXR2,CARCINOMA,underexpression,9250164,ENSP00000306185
ARAP3,CANCER,underexpression,21076469,ENSP00000239440
AR,BREAST CANCER,underexpression,11532875,ENSP00000370227
bcl-2,ENDOMETRIOSIS,underexpression,12372462,ENSP00000329623
Bcl-2,LUNG ADENOCARCINOMA,underexpression,21300543,ENSP00000329623
BCR-ABL1,CHRONIC MYELOID LEUKEMIA,underexpression,23287430,ENSP00000361423
BDNF,MOOD DISORDER,underexpression,22265241,ENSP00000414303
BMP4,LUNG CANCER,underexpression,19269967,ENSP00000245451
BMP7,OSTEOSARCOMA,underexpression,20225287,ENSP00000379204
BRAF,MELANOMA,underexpression,22189819,ENSP00000288602
BRCA1,BREAST CANCER,underexpression,19389812,ENSP00000418960
BRCA2,SPORADIC BREAST CANCER,underexpression,10498873,ENSP00000369497
calponin 2,PROSTATE CANCER,underexpression,23576568,ENSP00000263097
CAMP,PSORIASIS,underexpression,17343577,ENSP00000458149
cathepsin D,ALZHEIMER'S DISEASE,underexpression,24898658,ENSP00000236671
cathepsin D,DEMENTIA,underexpression,24898658,ENSP00000236671
CCL2,OVARIAN CANCER,underexpression,23552840,ENSP00000225831
miR-15a,BREAST CANCER,underexpression,23900351,miR-15a
TIMP3,MENINGIOMA,underexpression,21157382,ENSP00000301633
KCNMA1,MENINGIOMA,underexpression,21157382,ENSP00000385806
CD200,CHRONIC LYMPHOCYTIC LEUKEMIA,underexpression,22180482,ENSP00000420298
CD200,MANTLE CELL LYMPHOMA,underexpression,22180482,ENSP00000420298
MLLT3,LEUKEMIA,underexpression,20656931,ENSP00000369695
TAL1,LEUKEMIA,underexpression,20656931,ENSP00000360944
CD44,PROSTATE CANCER,underexpression,24832177,ENSP00000398632
CDX2,COLORECTAL CANCER,underexpression,18587323,ENSP00000370408
CEACAM4,CARCINOMA,underexpression,9250164,ENSP00000221954
CEACAM7,CARCINOMA,underexpression,9250164,ENSP00000006724
CIB1,CANCER,underexpression,20951827,ENSP00000333873
miR-375,CANCER,underexpression,23552692,miR-375
c-Jun,BREAST CANCER,underexpression,23404426,ENSP00000360266
CK14,LIPOMA,underexpression,15202015,ENSP00000167586
CK14,MELANOMA,underexpression,15202015,ENSP00000167586
CKI,CANCER,underexpression,11766887,ENSP00000265689
c-myc,CANCER,underexpression,21412688,ENSP00000367207
CNN2,PROSTATE CARCINOMA,underexpression,23576568,ENSP00000263097
COX-2,SQUAMOUS CELL CARCINOMA,underexpression,22442604,ENSP00000356438
DJ-1,BREAST CANCER,underexpression,15766664,ENSP00000340278
DTR,MENINGIOMA,underexpression,19440932,ENSP00000230990
DVL1,PROSTATE CANCER,underexpression,16457155,ENSP00000368169
E-cadherin,CANCER,underexpression,23788982,E-cadherin
E-cadherin,COLON CANCER,underexpression,18694510,E-cadherin
E-cadherin,HEPATOCELLULAR CARCINOMA,underexpression,10836294,E-cadherin
EGFR,LARYNGEAL SQUAMOUS CELL CARCINOMA,underexpression,17718413,ENSP00000275493
ERBB1,BREAST CANCER,underexpression,12866037,ENSP00000275493
ETS2,PROSTATE CARCINOMA,underexpression,17143509,ENSP00000353344
miR-98,CARCINOMA,underexpression,21368858,miR-98
FABP-1,FATTY LIVER DISEASE,underexpression,19330863,FABP-1
FAS,LUNG CANCER,underexpression,20223350,ENSP00000347979
FAS,SYNDROME,underexpression,19759548,ENSP00000347979
Filamin A,GLIOBLASTOMA,underexpression,17606711,Filamin A
miR-939,LUNG CANCER,underexpression,21563230,miR-939
miR-671,LUNG CANCER,underexpression,21563230,miR-671
miR-605,LUNG CANCER,underexpression,21563230,miR-605
miR-202,LUNG CANCER,underexpression,21563230,miR-202
miR-1224,LUNG CANCER,underexpression,21563230,miR-1224
GKN1,CANCER,underexpression,21751384,ENSP00000367172
glial fibrillary acidic protein,NORMAL PRESSURE HYDROCEPHALUS,underexpression,19936883,ENSP00000253408
GLUT1,GLIOBLASTOMA MULTIFORME,underexpression,8675694,ENSP00000416293
GLUT1,HEMANGIOBLASTOMA,underexpression,8675694,ENSP00000416293
NHERF1,CYSTIC FIBROSIS,underexpression,20203292,ENSP00000262613
NR4A2,PARKINSON'S DISEASE,underexpression,19429166,ENSP00000344479
ODC1,ADENOMA,underexpression,11443173,ENSP00000329452
GPCR,MEDULLOBLASTOMA,underexpression,24252460,ENSP00000434034
HSP72,LUNG CARCINOMA,underexpression,16271832,ENSP00000375399
GSTP1,LUNG CANCER,underexpression,11350797,ENSP00000381607
HIC1,HYPERCALCEMIA,underexpression,22544915,ENSP00000314080
HIC1,PRIMARY HYPERPARATHYROIDISM,underexpression,22544915,ENSP00000314080
IFN,ANKYLOSING SPONDYLITIS,underexpression,18512784,ENSP00000276927
IFN,ENCEPHALOMYELITIS,underexpression,20214984,ENSP00000276927
IGF2BP2,LYMPHOBLASTIC LEUKEMIA,underexpression,21414819,ENSP00000371634
miR-16,CANCER,underexpression,20621999,miR-16
IGF2,COLORECTAL CANCER,underexpression,15192314,ENSP00000391826
IL-8,DOWN SYNDROME,underexpression,16100769,ENSP00000306512
insulin-like growth factor binding protein 2,GLIOBLASTOMA,underexpression,18953566,ENSP00000233809
ITGA5,ADENOCARCINOMA,underexpression,23705994,ENSP00000293379
KLF4,PANCREATIC CANCER,underexpression,24947925,ENSP00000363804
let-7a,COLORECTAL CANCER,underexpression,20413677,let-7a
L-selectin,MORBID OBESITY,underexpression,12630613,L-selectin
MAPT,BREAST CARCINOMA,underexpression,21679412,ENSP00000340820
MDM2,BREAST CANCER,underexpression,24236052,ENSP00000417281
MECP2,DOWN SYNDROME,underexpression,19897480,ENSP00000472559
MECP2,RETT SYNDROME,underexpression,24776956,ENSP00000472559
MEN1,AUTOSOMAL DOMINANT DISEASE,underexpression,16001329,ENSP00000337088
miR-31,OVARIAN CANCER,underexpression,20179198,miR-31
miR-31,SYSTEMIC LUPUS ERYTHEMATOSUS,underexpression,22736314,miR-31
miR-9,BREAST CANCER,underexpression,22761433,miR-9
MLLT3,LEUKEMIA,underexpression,20656931,ENSP00000369695
MR,COLORECTAL CANCER,underexpression,17703341,ENSP00000341390
MTA1,PANCREATIC CARCINOMA,underexpression,18362831,ENSP00000385045
MTA2,SQUAMOUS CELL CARCINOMA,underexpression,22969963,ENSP00000278823
MTHFR,HYPERHOMOCYSTEINEMIA,underexpression,19593106,ENSP00000365775
NF2,GENETIC DISORDER,underexpression,10369886,ENSP00000344666
p16,LARYNGEAL SQUAMOUS CELL CARCINOMA,underexpression,18787961,p16
p16,TONSIL CANCER,underexpression,14633593,p16
p27,FOLLICULAR ADENOMA,underexpression,9824112,ENSP00000443772
P27,HODGKIN'S LYMPHOMA,underexpression,16620575,ENSP00000298902
p27,LUNG CANCER,underexpression,11474135,ENSP00000443772
p27,PAPILLARY CARCINOMA,underexpression,9824112,ENSP00000443772
P2,MALE INFERTILITY,underexpression,15705617,ENSP00000322419
p63,LICHEN PLANUS,underexpression,12087324,ENSP00000367265
PBR,CANCER,underexpression,15379570,ENSP00000328973
PBX1,ADENOMA,underexpression,11443173,ENSP00000405890
PBX1,ADENOMA,underexpression,11443173,ENSP00000405890
PEA3,SPORADIC BREAST CANCER,underexpression,14633660,ENSP00000321835
PKN2,SPORADIC BREAST CANCER,underexpression,22511072,ENSP00000359552
PMP22,AUTOSOMAL DOMINANT DISEASE,underexpression,8862346,ENSP00000444697
POMC,ADENOMA,underexpression,11443173,ENSP00000264708
POMC,ADENOMA,underexpression,11443173,ENSP00000264708
pRb,BLADDER TRANSITIONAL CELL CARCINOMA,underexpression,17311305,ENSP00000267163
pRb,RETINOBLASTOMA,underexpression,17311305,ENSP00000267163
PRLR,CARCINOMA,underexpression,17525486,ENSP00000371432
miR-125a,SYSTEMIC LUPUS ERYTHEMATOSUS,underexpression,20589685,miR-125a
RGN,PROSTATE ADENOCARCINOMA,underexpression,24975685,ENSP00000253303
RUNX3,CANCER,underexpression,24641363,ENSP00000343477
S100A14,KIDNEY CANCER,underexpression,11944983,ENSP00000340463
S100A14,COLON CANCER,underexpression,11944983,ENSP00000340463
SGEF,OVARIAN CANCER,underexpression,21332407,ENSP00000348828
SLC2A1,GLIOBLASTOMA MULTIFORME,underexpression,8675694,ENSP00000416293
SOD2,HYPERGLYCEMIA,underexpression,17927981,ENSP00000356022
TAL1,LEUKEMIA,underexpression,20656931,ENSP00000294339
T-cadherin,HEPATOCELLULAR CARCINOMA,underexpression,18553387,ENSP00000408632
TF,CANCER,underexpression,21235864,ENSP00000385834
TFPI-2,HEPATOCELLULAR CARCINOMA,underexpression,17464989,ENSP00000222543
TIMP3,MENINGIOMA,underexpression,21157382,ENSP00000266085
TNFRSF10A,LUPUS ERYTHEMATOSUS,underexpression,23266246,ENSP00000221132
TP53,MELANOMA,underexpression,21615965,ENSP00000269305
TRIM26,HEPATITIS B,underexpression,11494152,ENSP00000402395
TTR,RHEUMATOID ARTHRITIS,underexpression,20367977,ENSP00000237014
TXNIP,CANCER,underexpression,21771725,ENSP00000462521
UT-A2,DIABETES MELLITUS,underexpression,11380083,ENSP00000255226
VHL,PSORIASIS,underexpression,17343577,ENSP00000256474
miR-128,GLIOBLASTOMA,underexpression,21358821,miR-128
WWOX,CERVICAL CANCER,underexpression,23525362,ENSP00000457230
YY1,CANCER,underexpression,20081375,ENSP00000262238
ZAG,KERATOCONUS,underexpression,21042560,ENSP00000292401
ZBRK1,BREAST CARCINOMA,underexpression,14743505,ENSP00000243644
VEGF,LUNG CARCINOMA,underexpression,23226772,ENSP00000361125
TRIF,ASPERGILLOSIS,underexpression,20835271,ENSP00000248244
